{
    "name": "Youtube colormode",
    "version": "1.0",
    "description": "Make your youtube colorful :D ",
    "options_page": "options.html",
    "permissions": ["activeTab","declarativeContent", "storage","https://www.youtube.com/*", "tabs" ],
    "background": {
      "scripts": ["background.js"],
      "persistent": false
    },
    
  
            "web_accessible_resources": [
              "css/*"
          ],
 
    "page_action": {
        "default_popup": "popup.html",
        "default_icon": {
            "16": "images/rainbow-cloud-weather-rain-sky-34c528e3e4de70fc-512x512.png",
            "32": "images/rainbow-cloud-weather-rain-sky-34c528e3e4de70fc-512x512.png",
            "48": "images/rainbow-cloud-weather-rain-sky-34c528e3e4de70fc-512x512.png",
            "128": "images/rainbow-cloud-weather-rain-sky-34c528e3e4de70fc-512x512.png"
          }
      },
      "icons": {
        "16": "images/rainbow-cloud-weather-rain-sky-34c528e3e4de70fc-512x512.png",
        "32": "images/rainbow-cloud-weather-rain-sky-34c528e3e4de70fc-512x512.png",
        "48": "images/rainbow-cloud-weather-rain-sky-34c528e3e4de70fc-512x512.png",
        "128": "images/rainbow-cloud-weather-rain-sky-34c528e3e4de70fc-512x512.png"
      },
    "manifest_version": 2
  }